source	version	status	http_code	bytes	bug_count
branch	18	found	200	909	0
branch	18.1	not_found	200	26	0
branch	18.1_hf1	not_found	200	26	0
branch	18.1_hf2	not_found	200	26	0
branch	18.1_hf3	not_found	200	26	0
branch	18.1_hf4	not_found	200	26	0
branch	18.1_hf5	not_found	200	26	0
branch	18.1_hf6	not_found	200	26	0
branch	18.2	not_found	200	26	0
branch	18.2_hf1	not_found	200	26	0
branch	18.2_hf2	not_found	200	26	0
branch	18.2_hf3	not_found	200	26	0
branch	18.2_hf4	not_found	200	26	0
branch	18.2_hf5	not_found	200	26	0
branch	18.2_hf6	not_found	200	26	0
branch	18.3	not_found	200	26	0
branch	18.3_hf1	not_found	200	26	0
branch	18.3_hf2	not_found	200	26	0
branch	18.3_hf3	not_found	200	26	0
branch	18.3_hf4	not_found	200	26	0
branch	18.3_hf5	not_found	200	26	0
branch	18.3_hf6	not_found	200	26	0
branch	18.4	not_found	200	26	0
branch	18.4_hf1	not_found	200	26	0
branch	18.4_hf2	not_found	200	26	0
branch	18.4_hf3	not_found	200	26	0
branch	18.4_hf4	not_found	200	26	0
branch	18.4_hf5	not_found	200	26	0
branch	18.4_hf6	not_found	200	26	0
branch	18.5	not_found	200	26	0
branch	18.5_hf1	not_found	200	26	0
branch	18.5_hf2	not_found	200	26	0
branch	18.5_hf3	not_found	200	26	0
branch	18.5_hf4	not_found	200	26	0
branch	18.5_hf5	not_found	200	26	0
branch	18.5_hf6	not_found	200	26	0
branch	18.6	not_found	200	26	0
branch	18.6_hf1	not_found	200	26	0
branch	18.6_hf2	not_found	200	26	0
branch	18.6_hf3	not_found	200	26	0
branch	18.6_hf4	not_found	200	26	0
branch	18.6_hf5	not_found	200	26	0
branch	18.6_hf6	not_found	200	26	0
branch	18.7	not_found	200	26	0
branch	18.7_hf1	not_found	200	26	0
branch	18.7_hf2	not_found	200	26	0
branch	18.7_hf3	not_found	200	26	0
branch	18.7_hf4	not_found	200	26	0
branch	18.7_hf5	not_found	200	26	0
branch	18.7_hf6	not_found	200	26	0
branch	18.8	not_found	200	26	0
branch	18.8_hf1	not_found	200	26	0
branch	18.8_hf2	not_found	200	26	0
branch	18.8_hf3	not_found	200	26	0
branch	18.8_hf4	not_found	200	26	0
branch	18.8_hf5	not_found	200	26	0
branch	18.8_hf6	not_found	200	26	0
branch	18.9	not_found	200	26	0
branch	18.9_hf1	not_found	200	26	0
branch	18.9_hf2	not_found	200	26	0
branch	18.9_hf3	not_found	200	26	0
branch	18.9_hf4	not_found	200	26	0
branch	18.9_hf5	not_found	200	26	0
branch	18.9_hf6	not_found	200	26	0
branch	18_r10	not_found	200	26	0
branch	18_r10_hf1	not_found	200	26	0
branch	18_r10_hf2	not_found	200	26	0
branch	18_r10_hf3	not_found	200	26	0
branch	18_r10_hf4	not_found	200	26	0
branch	18_r10_hf5	not_found	200	26	0
branch	18_r10_hf6	not_found	200	26	0
branch	18_r11	not_found	200	26	0
branch	18_r11_hf1	not_found	200	26	0
branch	18_r11_hf2	not_found	200	26	0
branch	18_r11_hf3	not_found	200	26	0
branch	18_r11_hf4	not_found	200	26	0
branch	18_r11_hf5	not_found	200	26	0
branch	18_r11_hf6	not_found	200	26	0
branch	18_r12	not_found	200	26	0
branch	18_r12_hf1	not_found	200	26	0
branch	18_r12_hf2	not_found	200	26	0
branch	18_r12_hf3	not_found	200	26	0
branch	18_r12_hf4	not_found	200	26	0
branch	18_r12_hf5	not_found	200	26	0
branch	18_r12_hf6	not_found	200	26	0
branch	18_r13	not_found	200	26	0
branch	18_r13_hf1	not_found	200	26	0
branch	18_r13_hf2	not_found	200	26	0
branch	18_r13_hf3	not_found	200	26	0
branch	18_r13_hf4	not_found	200	26	0
branch	18_r13_hf5	not_found	200	26	0
branch	18_r13_hf6	not_found	200	26	0
branch	18_r14	not_found	200	26	0
branch	18_r14_hf1	not_found	200	26	0
branch	18_r14_hf2	not_found	200	26	0
branch	18_r14_hf3	not_found	200	26	0
branch	18_r14_hf4	not_found	200	26	0
branch	18_r14_hf5	not_found	200	26	0
branch	18_r14_hf6	not_found	200	26	0
branch	18_r2	not_found	200	34	0
branch	18_r2_hf1	not_found	200	26	0
branch	18_r2_hf2	not_found	200	26	0
branch	18_r2_hf3	not_found	200	26	0
branch	18_r2_hf4	not_found	200	26	0
branch	18_r2_hf5	not_found	200	26	0
branch	18_r2_hf6	not_found	200	26	0
branch	18_r3	not_found	200	34	0
branch	18_r3_hf1	not_found	200	26	0
branch	18_r3_hf2	not_found	200	26	0
branch	18_r3_hf3	not_found	200	26	0
branch	18_r3_hf4	not_found	200	26	0
branch	18_r3_hf5	not_found	200	26	0
branch	18_r3_hf6	not_found	200	26	0
branch	18_r4	not_found	200	34	0
branch	18_r4_hf1	not_found	200	26	0
branch	18_r4_hf2	not_found	200	26	0
branch	18_r4_hf3	not_found	200	26	0
branch	18_r4_hf4	not_found	200	26	0
branch	18_r4_hf5	not_found	200	26	0
branch	18_r4_hf6	not_found	200	26	0
branch	18_r5	not_found	200	34	0
branch	18_r5_hf1	not_found	200	26	0
branch	18_r5_hf2	not_found	200	26	0
branch	18_r5_hf3	not_found	200	26	0
branch	18_r5_hf4	not_found	200	26	0
branch	18_r5_hf5	not_found	200	26	0
branch	18_r5_hf6	not_found	200	26	0
branch	18_r6	not_found	200	34	0
branch	18_r6_hf1	not_found	200	26	0
branch	18_r6_hf2	not_found	200	26	0
branch	18_r6_hf3	not_found	200	26	0
branch	18_r6_hf4	not_found	200	26	0
branch	18_r6_hf5	not_found	200	26	0
branch	18_r6_hf6	not_found	200	26	0
branch	18_r7	not_found	200	26	0
branch	18_r7_hf1	not_found	200	26	0
branch	18_r7_hf2	not_found	200	26	0
branch	18_r7_hf3	not_found	200	26	0
branch	18_r7_hf4	not_found	200	26	0
branch	18_r7_hf5	not_found	200	26	0
branch	18_r7_hf6	not_found	200	26	0
branch	18_r8	not_found	200	26	0
branch	18_r8_hf1	not_found	200	26	0
branch	18_r8_hf2	not_found	200	26	0
branch	18_r8_hf3	not_found	200	26	0
branch	18_r8_hf4	not_found	200	26	0
branch	18_r8_hf5	not_found	200	26	0
branch	18_r8_hf6	not_found	200	26	0
branch	18_r9	not_found	200	26	0
branch	18_r9_hf1	not_found	200	26	0
branch	18_r9_hf2	not_found	200	26	0
branch	18_r9_hf3	not_found	200	26	0
branch	18_r9_hf4	not_found	200	26	0
branch	18_r9_hf5	not_found	200	26	0
branch	18_r9_hf6	not_found	200	26	0
branch	19	found	200	909	0
branch	19.1	not_found	200	26	0
branch	19.1_hf1	not_found	200	26	0
branch	19.1_hf2	not_found	200	26	0
branch	19.1_hf3	not_found	200	26	0
branch	19.1_hf4	not_found	200	26	0
branch	19.1_hf5	not_found	200	26	0
branch	19.1_hf6	not_found	200	26	0
branch	19.2	not_found	200	26	0
branch	19.2_hf1	not_found	200	26	0
branch	19.2_hf2	not_found	200	26	0
branch	19.2_hf3	not_found	200	26	0
branch	19.2_hf4	not_found	200	26	0
branch	19.2_hf5	not_found	200	26	0
branch	19.2_hf6	not_found	200	26	0
branch	19.3	not_found	200	26	0
branch	19.3_hf1	not_found	200	26	0
branch	19.3_hf2	not_found	200	26	0
branch	19.3_hf3	not_found	200	26	0
branch	19.3_hf4	not_found	200	26	0
branch	19.3_hf5	not_found	200	26	0
branch	19.3_hf6	not_found	200	26	0
branch	19.4	not_found	200	26	0
branch	19.4_hf1	not_found	200	26	0
branch	19.4_hf2	not_found	200	26	0
branch	19.4_hf3	not_found	200	26	0
branch	19.4_hf4	not_found	200	26	0
branch	19.4_hf5	not_found	200	26	0
branch	19.4_hf6	not_found	200	26	0
branch	19.5	not_found	200	26	0
branch	19.5_hf1	not_found	200	26	0
branch	19.5_hf2	not_found	200	26	0
branch	19.5_hf3	not_found	200	26	0
branch	19.5_hf4	not_found	200	26	0
branch	19.5_hf5	not_found	200	26	0
branch	19.5_hf6	not_found	200	26	0
branch	19.6	not_found	200	26	0
branch	19.6_hf1	not_found	200	26	0
branch	19.6_hf2	not_found	200	26	0
branch	19.6_hf3	not_found	200	26	0
branch	19.6_hf4	not_found	200	26	0
branch	19.6_hf5	not_found	200	26	0
branch	19.6_hf6	not_found	200	26	0
branch	19.7	not_found	200	26	0
branch	19.7_hf1	not_found	200	26	0
branch	19.7_hf2	not_found	200	26	0
branch	19.7_hf3	not_found	200	26	0
branch	19.7_hf4	not_found	200	26	0
branch	19.7_hf5	not_found	200	26	0
branch	19.7_hf6	not_found	200	26	0
branch	19.8	not_found	200	26	0
branch	19.8_hf1	not_found	200	26	0
branch	19.8_hf2	not_found	200	26	0
branch	19.8_hf3	not_found	200	26	0
branch	19.8_hf4	not_found	200	26	0
branch	19.8_hf5	not_found	200	26	0
branch	19.8_hf6	not_found	200	26	0
branch	19.9	not_found	200	26	0
branch	19.9_hf1	not_found	200	26	0
branch	19.9_hf2	not_found	200	26	0
branch	19.9_hf3	not_found	200	26	0
branch	19.9_hf4	not_found	200	26	0
branch	19.9_hf5	not_found	200	26	0
branch	19.9_hf6	not_found	200	26	0
branch	19_r10	not_found	200	26	0
branch	19_r10_hf1	not_found	200	26	0
branch	19_r10_hf2	not_found	200	26	0
branch	19_r10_hf3	not_found	200	26	0
branch	19_r10_hf4	not_found	200	26	0
branch	19_r10_hf5	not_found	200	26	0
branch	19_r10_hf6	not_found	200	26	0
branch	19_r11	not_found	200	26	0
branch	19_r11_hf1	not_found	200	26	0
branch	19_r11_hf2	not_found	200	26	0
branch	19_r11_hf3	not_found	200	26	0
branch	19_r11_hf4	not_found	200	26	0
branch	19_r11_hf5	not_found	200	26	0
branch	19_r11_hf6	not_found	200	26	0
branch	19_r12	not_found	200	26	0
branch	19_r12_hf1	not_found	200	26	0
branch	19_r12_hf2	not_found	200	26	0
branch	19_r12_hf3	not_found	200	26	0
branch	19_r12_hf4	not_found	200	26	0
branch	19_r12_hf5	not_found	200	26	0
branch	19_r12_hf6	not_found	200	26	0
branch	19_r13	not_found	200	26	0
branch	19_r13_hf1	not_found	200	26	0
branch	19_r13_hf2	not_found	200	26	0
branch	19_r13_hf3	not_found	200	26	0
branch	19_r13_hf4	not_found	200	26	0
branch	19_r13_hf5	not_found	200	26	0
branch	19_r13_hf6	not_found	200	26	0
branch	19_r14	not_found	200	26	0
branch	19_r14_hf1	not_found	200	26	0
branch	19_r14_hf2	not_found	200	26	0
branch	19_r14_hf3	not_found	200	26	0
branch	19_r14_hf4	not_found	200	26	0
branch	19_r14_hf5	not_found	200	26	0
branch	19_r14_hf6	not_found	200	26	0
branch	19_r2	not_found	200	34	0
branch	19_r2_hf1	not_found	200	26	0
branch	19_r2_hf2	not_found	200	26	0
branch	19_r2_hf3	not_found	200	26	0
branch	19_r2_hf4	not_found	200	26	0
branch	19_r2_hf5	not_found	200	26	0
branch	19_r2_hf6	not_found	200	26	0
branch	19_r3	found	200	114597	106
branch	19_r3_hf1	not_found	200	26	0
branch	19_r3_hf2	not_found	200	26	0
branch	19_r3_hf3	not_found	200	26	0
branch	19_r3_hf4	not_found	200	26	0
branch	19_r3_hf5	not_found	200	26	0
branch	19_r3_hf6	not_found	200	26	0
branch	19_r4	found	200	8365	7
branch	19_r4_hf1	not_found	200	26	0
branch	19_r4_hf2	not_found	200	26	0
branch	19_r4_hf3	not_found	200	26	0
branch	19_r4_hf4	not_found	200	26	0
branch	19_r4_hf5	not_found	200	26	0
branch	19_r4_hf6	not_found	200	26	0
branch	19_r5	found	200	179585	170
branch	19_r5_hf1	not_found	200	26	0
branch	19_r5_hf2	not_found	200	26	0
branch	19_r5_hf3	not_found	200	26	0
branch	19_r5_hf4	not_found	200	26	0
branch	19_r5_hf5	not_found	200	26	0
branch	19_r5_hf6	not_found	200	26	0
branch	19_r6	found	200	14029	12
branch	19_r6_hf1	not_found	200	26	0
branch	19_r6_hf2	not_found	200	26	0
branch	19_r6_hf3	not_found	200	26	0
branch	19_r6_hf4	not_found	200	26	0
branch	19_r6_hf5	not_found	200	26	0
branch	19_r6_hf6	not_found	200	26	0
branch	19_r7	found	200	82328	79
branch	19_r7_hf1	not_found	200	26	0
branch	19_r7_hf2	not_found	200	26	0
branch	19_r7_hf3	not_found	200	26	0
branch	19_r7_hf4	not_found	200	26	0
branch	19_r7_hf5	not_found	200	26	0
branch	19_r7_hf6	not_found	200	26	0
branch	19_r8	found	200	63528	62
branch	19_r8_hf1	not_found	200	26	0
branch	19_r8_hf2	not_found	200	26	0
branch	19_r8_hf3	not_found	200	26	0
branch	19_r8_hf4	not_found	200	26	0
branch	19_r8_hf5	not_found	200	26	0
branch	19_r8_hf6	not_found	200	26	0
branch	19_r9	not_found	200	26	0
branch	19_r9_hf1	not_found	200	26	0
branch	19_r9_hf2	not_found	200	26	0
branch	19_r9_hf3	not_found	200	26	0
branch	19_r9_hf4	not_found	200	26	0
branch	19_r9_hf5	not_found	200	26	0
branch	19_r9_hf6	not_found	200	26	0
branch	20	found	200	909	0
branch	20.1	not_found	200	26	0
branch	20.1_hf1	not_found	200	26	0
branch	20.1_hf2	not_found	200	26	0
branch	20.1_hf3	not_found	200	26	0
branch	20.1_hf4	not_found	200	26	0
branch	20.1_hf5	not_found	200	26	0
branch	20.1_hf6	not_found	200	26	0
branch	20.2	not_found	200	26	0
branch	20.2_hf1	not_found	200	26	0
branch	20.2_hf2	not_found	200	26	0
branch	20.2_hf3	not_found	200	26	0
branch	20.2_hf4	not_found	200	26	0
branch	20.2_hf5	not_found	200	26	0
branch	20.2_hf6	not_found	200	26	0
branch	20.3	not_found	200	26	0
branch	20.3_hf1	not_found	200	26	0
branch	20.3_hf2	not_found	200	26	0
branch	20.3_hf3	not_found	200	26	0
branch	20.3_hf4	not_found	200	26	0
branch	20.3_hf5	not_found	200	26	0
branch	20.3_hf6	not_found	200	26	0
branch	20.4	not_found	200	26	0
branch	20.4_hf1	not_found	200	26	0
branch	20.4_hf2	not_found	200	26	0
branch	20.4_hf3	not_found	200	26	0
branch	20.4_hf4	not_found	200	26	0
branch	20.4_hf5	not_found	200	26	0
branch	20.4_hf6	not_found	200	26	0
branch	20.5	not_found	200	26	0
branch	20.5_hf1	not_found	200	26	0
branch	20.5_hf2	not_found	200	26	0
branch	20.5_hf3	not_found	200	26	0
branch	20.5_hf4	not_found	200	26	0
branch	20.5_hf5	not_found	200	26	0
branch	20.5_hf6	not_found	200	26	0
branch	20.6	not_found	200	26	0
branch	20.6_hf1	not_found	200	26	0
branch	20.6_hf2	not_found	200	26	0
branch	20.6_hf3	not_found	200	26	0
branch	20.6_hf4	not_found	200	26	0
branch	20.6_hf5	not_found	200	26	0
branch	20.6_hf6	not_found	200	26	0
branch	20.7	not_found	200	26	0
branch	20.7_hf1	not_found	200	26	0
branch	20.7_hf2	not_found	200	26	0
branch	20.7_hf3	not_found	200	26	0
branch	20.7_hf4	not_found	200	26	0
branch	20.7_hf5	not_found	200	26	0
branch	20.7_hf6	not_found	200	26	0
branch	20.8	not_found	200	26	0
branch	20.8_hf1	not_found	200	26	0
branch	20.8_hf2	not_found	200	26	0
branch	20.8_hf3	not_found	200	26	0
branch	20.8_hf4	not_found	200	26	0
branch	20.8_hf5	not_found	200	26	0
branch	20.8_hf6	not_found	200	26	0
branch	20.9	not_found	200	26	0
branch	20.9_hf1	not_found	200	26	0
branch	20.9_hf2	not_found	200	26	0
branch	20.9_hf3	not_found	200	26	0
branch	20.9_hf4	not_found	200	26	0
branch	20.9_hf5	not_found	200	26	0
branch	20.9_hf6	not_found	200	26	0
branch	20_r10	found	200	919	0
branch	20_r10_hf1	not_found	200	26	0
branch	20_r10_hf2	not_found	200	26	0
branch	20_r10_hf3	not_found	200	26	0
branch	20_r10_hf4	not_found	200	26	0
branch	20_r10_hf5	not_found	200	26	0
branch	20_r10_hf6	not_found	200	26	0
branch	20_r11	not_found	200	26	0
branch	20_r11_hf1	not_found	200	26	0
branch	20_r11_hf2	not_found	200	26	0
branch	20_r11_hf3	not_found	200	26	0
branch	20_r11_hf4	not_found	200	26	0
branch	20_r11_hf5	not_found	200	26	0
branch	20_r11_hf6	not_found	200	26	0
branch	20_r12	not_found	200	26	0
branch	20_r12_hf1	not_found	200	26	0
branch	20_r12_hf2	not_found	200	26	0
branch	20_r12_hf3	not_found	200	26	0
branch	20_r12_hf4	not_found	200	26	0
branch	20_r12_hf5	not_found	200	26	0
branch	20_r12_hf6	not_found	200	26	0
branch	20_r13	not_found	200	26	0
branch	20_r13_hf1	not_found	200	26	0
branch	20_r13_hf2	not_found	200	26	0
branch	20_r13_hf3	not_found	200	26	0
branch	20_r13_hf4	not_found	200	26	0
branch	20_r13_hf5	not_found	200	26	0
branch	20_r13_hf6	not_found	200	26	0
branch	20_r14	not_found	200	26	0
branch	20_r14_hf1	not_found	200	26	0
branch	20_r14_hf2	not_found	200	26	0
branch	20_r14_hf3	not_found	200	26	0
branch	20_r14_hf4	not_found	200	26	0
branch	20_r14_hf5	not_found	200	26	0
branch	20_r14_hf6	not_found	200	26	0
branch	20_r2	found	200	4961	4
branch	20_r2_hf1	not_found	200	26	0
branch	20_r2_hf2	not_found	200	26	0
branch	20_r2_hf3	not_found	200	26	0
branch	20_r2_hf4	not_found	200	26	0
branch	20_r2_hf5	not_found	200	26	0
branch	20_r2_hf6	not_found	200	26	0
branch	20_r3	found	200	1878	1
branch	20_r3_hf1	not_found	200	26	0
branch	20_r3_hf2	not_found	200	26	0
branch	20_r3_hf3	not_found	200	26	0
branch	20_r3_hf4	not_found	200	26	0
branch	20_r3_hf5	not_found	200	26	0
branch	20_r3_hf6	not_found	200	26	0
branch	20_r4	found	200	8541	8
branch	20_r4_hf1	not_found	200	26	0
branch	20_r4_hf2	not_found	200	26	0
branch	20_r4_hf3	not_found	200	26	0
branch	20_r4_hf4	not_found	200	26	0
branch	20_r4_hf5	not_found	200	26	0
branch	20_r4_hf6	not_found	200	26	0
branch	20_r5	found	200	917	0
branch	20_r5_hf1	not_found	200	26	0
branch	20_r5_hf2	not_found	200	26	0
branch	20_r5_hf3	not_found	200	26	0
branch	20_r5_hf4	not_found	200	26	0
branch	20_r5_hf5	not_found	200	26	0
branch	20_r5_hf6	not_found	200	26	0
branch	20_r6	found	200	917	0
branch	20_r6_hf1	not_found	200	26	0
branch	20_r6_hf2	not_found	200	26	0
branch	20_r6_hf3	not_found	200	26	0
branch	20_r6_hf4	not_found	200	26	0
branch	20_r6_hf5	not_found	200	26	0
branch	20_r6_hf6	not_found	200	26	0
branch	20_r7	found	200	917	0
branch	20_r7_hf1	not_found	200	26	0
branch	20_r7_hf2	not_found	200	26	0
branch	20_r7_hf3	not_found	200	26	0
branch	20_r7_hf4	not_found	200	26	0
branch	20_r7_hf5	not_found	200	26	0
branch	20_r7_hf6	not_found	200	26	0
branch	20_r8	found	200	1607	0
branch	20_r8_hf1	not_found	200	26	0
branch	20_r8_hf2	not_found	200	26	0
branch	20_r8_hf3	not_found	200	26	0
branch	20_r8_hf4	not_found	200	26	0
branch	20_r8_hf5	not_found	200	26	0
branch	20_r8_hf6	not_found	200	26	0
branch	20_r9	found	200	1823	1
branch	20_r9_hf1	not_found	200	26	0
branch	20_r9_hf2	not_found	200	26	0
branch	20_r9_hf3	not_found	200	26	0
branch	20_r9_hf4	not_found	200	26	0
branch	20_r9_hf5	not_found	200	26	0
branch	20_r9_hf6	not_found	200	26	0
branch	21	found	200	6106	4
branch	21.1	not_found	200	26	0
branch	21.1_hf1	not_found	200	26	0
branch	21.1_hf2	not_found	200	26	0
branch	21.1_hf3	not_found	200	26	0
branch	21.1_hf4	not_found	200	26	0
branch	21.1_hf5	not_found	200	26	0
branch	21.1_hf6	not_found	200	26	0
branch	21.2	not_found	200	26	0
branch	21.2_hf1	not_found	200	26	0
branch	21.2_hf2	not_found	200	26	0
branch	21.2_hf3	not_found	200	26	0
branch	21.2_hf4	not_found	200	26	0
branch	21.2_hf5	not_found	200	26	0
branch	21.2_hf6	not_found	200	26	0
branch	21.3	not_found	200	26	0
branch	21.3_hf1	not_found	200	26	0
branch	21.3_hf2	not_found	200	26	0
branch	21.3_hf3	not_found	200	26	0
branch	21.3_hf4	not_found	200	26	0
branch	21.3_hf5	not_found	200	26	0
branch	21.3_hf6	not_found	200	26	0
branch	21.4	not_found	200	26	0
branch	21.4_hf1	not_found	200	26	0
branch	21.4_hf2	not_found	200	26	0
branch	21.4_hf3	not_found	200	26	0
branch	21.4_hf4	not_found	200	26	0
branch	21.4_hf5	not_found	200	26	0
branch	21.4_hf6	not_found	200	26	0
branch	21.5	not_found	200	26	0
branch	21.5_hf1	not_found	200	26	0
branch	21.5_hf2	not_found	200	26	0
branch	21.5_hf3	not_found	200	26	0
branch	21.5_hf4	not_found	200	26	0
branch	21.5_hf5	not_found	200	26	0
branch	21.5_hf6	not_found	200	26	0
branch	21.6	not_found	200	26	0
branch	21.6_hf1	not_found	200	26	0
branch	21.6_hf2	not_found	200	26	0
branch	21.6_hf3	not_found	200	26	0
branch	21.6_hf4	not_found	200	26	0
branch	21.6_hf5	not_found	200	26	0
branch	21.6_hf6	not_found	200	26	0
branch	21.7	not_found	200	26	0
branch	21.7_hf1	not_found	200	26	0
branch	21.7_hf2	not_found	200	26	0
branch	21.7_hf3	not_found	200	26	0
branch	21.7_hf4	not_found	200	26	0
branch	21.7_hf5	not_found	200	26	0
branch	21.7_hf6	not_found	200	26	0
branch	21.8	not_found	200	26	0
branch	21.8_hf1	not_found	200	26	0
branch	21.8_hf2	not_found	200	26	0
branch	21.8_hf3	not_found	200	26	0
branch	21.8_hf4	not_found	200	26	0
branch	21.8_hf5	not_found	200	26	0
branch	21.8_hf6	not_found	200	26	0
branch	21.9	not_found	200	26	0
branch	21.9_hf1	not_found	200	26	0
branch	21.9_hf2	not_found	200	26	0
branch	21.9_hf3	not_found	200	26	0
branch	21.9_hf4	not_found	200	26	0
branch	21.9_hf5	not_found	200	26	0
branch	21.9_hf6	not_found	200	26	0
branch	21_r10	not_found	200	26	0
branch	21_r10_hf1	not_found	200	26	0
branch	21_r10_hf2	not_found	200	26	0
branch	21_r10_hf3	not_found	200	26	0
branch	21_r10_hf4	not_found	200	26	0
branch	21_r10_hf5	not_found	200	26	0
branch	21_r10_hf6	not_found	200	26	0
branch	21_r11	not_found	200	26	0
branch	21_r11_hf1	not_found	200	26	0
branch	21_r11_hf2	not_found	200	26	0
branch	21_r11_hf3	not_found	200	26	0
branch	21_r11_hf4	not_found	200	26	0
branch	21_r11_hf5	not_found	200	26	0
branch	21_r11_hf6	not_found	200	26	0
branch	21_r12	not_found	200	26	0
branch	21_r12_hf1	not_found	200	26	0
branch	21_r12_hf2	not_found	200	26	0
branch	21_r12_hf3	not_found	200	26	0
branch	21_r12_hf4	not_found	200	26	0
branch	21_r12_hf5	not_found	200	26	0
branch	21_r12_hf6	not_found	200	26	0
branch	21_r13	not_found	200	26	0
branch	21_r13_hf1	not_found	200	26	0
branch	21_r13_hf2	not_found	200	26	0
branch	21_r13_hf3	not_found	200	26	0
branch	21_r13_hf4	not_found	200	26	0
branch	21_r13_hf5	not_found	200	26	0
branch	21_r13_hf6	not_found	200	26	0
branch	21_r14	not_found	200	26	0
branch	21_r14_hf1	not_found	200	26	0
branch	21_r14_hf2	not_found	200	26	0
branch	21_r14_hf3	not_found	200	26	0
branch	21_r14_hf4	not_found	200	26	0
branch	21_r14_hf5	not_found	200	26	0
branch	21_r14_hf6	not_found	200	26	0
branch	21_r2	found	200	917	0
branch	21_r2_hf1	not_found	200	26	0
branch	21_r2_hf2	not_found	200	26	0
branch	21_r2_hf3	not_found	200	26	0
branch	21_r2_hf4	not_found	200	26	0
branch	21_r2_hf5	not_found	200	26	0
branch	21_r2_hf6	not_found	200	26	0
branch	21_r3	found	200	917	0
branch	21_r3_hf1	not_found	200	26	0
branch	21_r3_hf2	not_found	200	26	0
branch	21_r3_hf3	not_found	200	26	0
branch	21_r3_hf4	not_found	200	26	0
branch	21_r3_hf5	not_found	200	26	0
branch	21_r3_hf6	not_found	200	26	0
branch	21_r4	found	200	55545	50
branch	21_r4_hf1	not_found	200	26	0
branch	21_r4_hf2	not_found	200	26	0
branch	21_r4_hf3	not_found	200	26	0
branch	21_r4_hf4	not_found	200	26	0
branch	21_r4_hf5	not_found	200	26	0
branch	21_r4_hf6	not_found	200	26	0
branch	21_r5	found	200	873	0
branch	21_r5_hf1	not_found	200	26	0
branch	21_r5_hf2	not_found	200	26	0
branch	21_r5_hf3	not_found	200	26	0
branch	21_r5_hf4	not_found	200	26	0
branch	21_r5_hf5	not_found	200	26	0
branch	21_r5_hf6	not_found	200	26	0
branch	21_r6	not_found	200	26	0
branch	21_r6_hf1	not_found	200	26	0
branch	21_r6_hf2	not_found	200	26	0
branch	21_r6_hf3	not_found	200	26	0
branch	21_r6_hf4	not_found	200	26	0
branch	21_r6_hf5	not_found	200	26	0
branch	21_r6_hf6	not_found	200	26	0
branch	21_r7	not_found	200	26	0
branch	21_r7_hf1	not_found	200	26	0
branch	21_r7_hf2	not_found	200	26	0
branch	21_r7_hf3	not_found	200	26	0
branch	21_r7_hf4	not_found	200	26	0
branch	21_r7_hf5	not_found	200	26	0
branch	21_r7_hf6	not_found	200	26	0
branch	21_r8	not_found	200	26	0
branch	21_r8_hf1	not_found	200	26	0
branch	21_r8_hf2	not_found	200	26	0
branch	21_r8_hf3	not_found	200	26	0
branch	21_r8_hf4	not_found	200	26	0
branch	21_r8_hf5	not_found	200	26	0
branch	21_r8_hf6	not_found	200	26	0
branch	21_r9	not_found	200	26	0
branch	21_r9_hf1	not_found	200	26	0
branch	21_r9_hf2	not_found	200	26	0
branch	21_r9_hf3	not_found	200	26	0
branch	21_r9_hf4	not_found	200	26	0
branch	21_r9_hf5	not_found	200	26	0
branch	21_r9_hf6	not_found	200	26	0
branch	22	not_found	200	26	0
branch	22.1	not_found	200	26	0
branch	22.1_hf1	not_found	200	26	0
branch	22.1_hf2	not_found	200	26	0
branch	22.1_hf3	not_found	200	26	0
branch	22.1_hf4	not_found	200	26	0
branch	22.1_hf5	not_found	200	26	0
branch	22.1_hf6	not_found	200	26	0
branch	22.2	not_found	200	26	0
branch	22.2_hf1	not_found	200	26	0
branch	22.2_hf2	not_found	200	26	0
branch	22.2_hf3	not_found	200	26	0
branch	22.2_hf4	not_found	200	26	0
branch	22.2_hf5	not_found	200	26	0
branch	22.2_hf6	not_found	200	26	0
branch	22.3	not_found	200	26	0
branch	22.3_hf1	not_found	200	26	0
branch	22.3_hf2	not_found	200	26	0
branch	22.3_hf3	not_found	200	26	0
branch	22.3_hf4	not_found	200	26	0
branch	22.3_hf5	not_found	200	26	0
branch	22.3_hf6	not_found	200	26	0
branch	22.4	not_found	200	26	0
branch	22.4_hf1	not_found	200	26	0
branch	22.4_hf2	not_found	200	26	0
branch	22.4_hf3	not_found	200	26	0
branch	22.4_hf4	not_found	200	26	0
branch	22.4_hf5	not_found	200	26	0
branch	22.4_hf6	not_found	200	26	0
branch	22.5	not_found	200	26	0
branch	22.5_hf1	not_found	200	26	0
branch	22.5_hf2	not_found	200	26	0
branch	22.5_hf3	not_found	200	26	0
branch	22.5_hf4	not_found	200	26	0
branch	22.5_hf5	not_found	200	26	0
branch	22.5_hf6	not_found	200	26	0
branch	22.6	not_found	200	26	0
branch	22.6_hf1	not_found	200	26	0
branch	22.6_hf2	not_found	200	26	0
branch	22.6_hf3	not_found	200	26	0
branch	22.6_hf4	not_found	200	26	0
branch	22.6_hf5	not_found	200	26	0
branch	22.6_hf6	not_found	200	26	0
branch	22.7	not_found	200	26	0
branch	22.7_hf1	not_found	200	26	0
branch	22.7_hf2	not_found	200	26	0
branch	22.7_hf3	not_found	200	26	0
branch	22.7_hf4	not_found	200	26	0
branch	22.7_hf5	not_found	200	26	0
branch	22.7_hf6	not_found	200	26	0
branch	22.8	not_found	200	26	0
branch	22.8_hf1	not_found	200	26	0
branch	22.8_hf2	not_found	200	26	0
branch	22.8_hf3	not_found	200	26	0
branch	22.8_hf4	not_found	200	26	0
branch	22.8_hf5	not_found	200	26	0
branch	22.8_hf6	not_found	200	26	0
branch	22.9	not_found	200	26	0
branch	22.9_hf1	not_found	200	26	0
branch	22.9_hf2	not_found	200	26	0
branch	22.9_hf3	not_found	200	26	0
branch	22.9_hf4	not_found	200	26	0
branch	22.9_hf5	not_found	200	26	0
branch	22.9_hf6	not_found	200	26	0
branch	22_r10	not_found	200	26	0
branch	22_r10_hf1	not_found	200	26	0
branch	22_r10_hf2	not_found	200	26	0
branch	22_r10_hf3	not_found	200	26	0
branch	22_r10_hf4	not_found	200	26	0
branch	22_r10_hf5	not_found	200	26	0
branch	22_r10_hf6	not_found	200	26	0
branch	22_r11	not_found	200	26	0
branch	22_r11_hf1	not_found	200	26	0
branch	22_r11_hf2	not_found	200	26	0
branch	22_r11_hf3	not_found	200	26	0
branch	22_r11_hf4	not_found	200	26	0
branch	22_r11_hf5	not_found	200	26	0
branch	22_r11_hf6	not_found	200	26	0
branch	22_r12	not_found	200	26	0
branch	22_r12_hf1	not_found	200	26	0
branch	22_r12_hf2	not_found	200	26	0
branch	22_r12_hf3	not_found	200	26	0
branch	22_r12_hf4	not_found	200	26	0
branch	22_r12_hf5	not_found	200	26	0
branch	22_r12_hf6	not_found	200	26	0
branch	22_r13	not_found	200	26	0
branch	22_r13_hf1	not_found	200	26	0
branch	22_r13_hf2	not_found	200	26	0
branch	22_r13_hf3	not_found	200	26	0
branch	22_r13_hf4	not_found	200	26	0
branch	22_r13_hf5	not_found	200	26	0
branch	22_r13_hf6	not_found	200	26	0
branch	22_r14	not_found	200	26	0
branch	22_r14_hf1	not_found	200	26	0
branch	22_r14_hf2	not_found	200	26	0
branch	22_r14_hf3	not_found	200	26	0
branch	22_r14_hf4	not_found	200	26	0
branch	22_r14_hf5	not_found	200	26	0
branch	22_r14_hf6	not_found	200	26	0
branch	22_r2	not_found	200	26	0
branch	22_r2_hf1	not_found	200	26	0
branch	22_r2_hf2	not_found	200	26	0
branch	22_r2_hf3	not_found	200	26	0
branch	22_r2_hf4	not_found	200	26	0
branch	22_r2_hf5	not_found	200	26	0
branch	22_r2_hf6	not_found	200	26	0
branch	22_r3	not_found	200	26	0
branch	22_r3_hf1	not_found	200	26	0
branch	22_r3_hf2	not_found	200	26	0
branch	22_r3_hf3	not_found	200	26	0
branch	22_r3_hf4	not_found	200	26	0
branch	22_r3_hf5	not_found	200	26	0
branch	22_r3_hf6	not_found	200	26	0
branch	22_r4	not_found	200	26	0
branch	22_r4_hf1	not_found	200	26	0
branch	22_r4_hf2	not_found	200	26	0
branch	22_r4_hf3	not_found	200	26	0
branch	22_r4_hf4	not_found	200	26	0
branch	22_r4_hf5	not_found	200	26	0
branch	22_r4_hf6	not_found	200	26	0
branch	22_r5	not_found	200	26	0
branch	22_r5_hf1	not_found	200	26	0
branch	22_r5_hf2	not_found	200	26	0
branch	22_r5_hf3	not_found	200	26	0
branch	22_r5_hf4	not_found	200	26	0
branch	22_r5_hf5	not_found	200	26	0
branch	22_r5_hf6	not_found	200	26	0
branch	22_r6	not_found	200	26	0
branch	22_r6_hf1	not_found	200	26	0
branch	22_r6_hf2	not_found	200	26	0
branch	22_r6_hf3	not_found	200	26	0
branch	22_r6_hf4	not_found	200	26	0
branch	22_r6_hf5	not_found	200	26	0
branch	22_r6_hf6	not_found	200	26	0
branch	22_r7	not_found	200	26	0
branch	22_r7_hf1	not_found	200	26	0
branch	22_r7_hf2	not_found	200	26	0
branch	22_r7_hf3	not_found	200	26	0
branch	22_r7_hf4	not_found	200	26	0
branch	22_r7_hf5	not_found	200	26	0
branch	22_r7_hf6	not_found	200	26	0
branch	22_r8	not_found	200	26	0
branch	22_r8_hf1	not_found	200	26	0
branch	22_r8_hf2	not_found	200	26	0
branch	22_r8_hf3	not_found	200	26	0
branch	22_r8_hf4	not_found	200	26	0
branch	22_r8_hf5	not_found	200	26	0
branch	22_r8_hf6	not_found	200	26	0
branch	22_r9	not_found	200	26	0
branch	22_r9_hf1	not_found	200	26	0
branch	22_r9_hf2	not_found	200	26	0
branch	22_r9_hf3	not_found	200	26	0
branch	22_r9_hf4	not_found	200	26	0
branch	22_r9_hf5	not_found	200	26	0
branch	22_r9_hf6	not_found	200	26	0
version	18	found	200	52935	150
version	18.1	found	200	43167	100
version	18.1_hf1	found	200	21525	58
version	18.1_hf2	not_found	200	1545	0
version	18.1_hf3	not_found	200	1545	0
version	18.1_hf4	not_found	200	1545	0
version	18.1_hf5	not_found	200	1545	0
version	18.1_hf6	not_found	200	1545	0
version	18.2	found	200	30736	73
version	18.2_hf1	found	200	15849	40
version	18.2_hf2	found	200	9124	23
version	18.2_hf3	not_found	200	1545	0
version	18.2_hf4	not_found	200	1545	0
version	18.2_hf5	not_found	200	1545	0
version	18.2_hf6	not_found	200	1545	0
version	18.3	found	200	34156	79
version	18.3_hf1	found	200	14556	40
version	18.3_hf2	found	200	9009	24
version	18.3_hf3	found	200	9019	20
version	18.3_hf4	not_found	200	1545	0
version	18.3_hf5	not_found	200	1545	0
version	18.3_hf6	not_found	200	1545	0
version	18.4	found	200	36396	86
version	18.4_hf1	found	200	13085	37
version	18.4_hf2	found	200	1458	2
version	18.4_hf3	found	200	9196	24
version	18.4_hf4	not_found	200	1545	0
version	18.4_hf5	not_found	200	1545	0
version	18.4_hf6	not_found	200	1545	0
version	18.5	found	200	28348	68
version	18.5_hf1	found	200	9602	23
version	18.5_hf2	found	200	4940	10
version	18.5_hf3	found	200	8487	20
version	18.5_hf4	found	200	6453	14
version	18.5_hf5	found	200	9551	20
version	18.5_hf6	not_found	200	1545	0
version	18.6	found	200	44981	95
version	18.6_hf1	not_found	200	1545	0
version	18.6_hf2	not_found	200	1545	0
version	18.6_hf3	not_found	200	1545	0
version	18.6_hf4	not_found	200	1545	0
version	18.6_hf5	not_found	200	1545	0
version	18.6_hf6	not_found	200	1545	0
version	18.7	not_found	200	1545	0
version	18.7_hf1	not_found	200	1545	0
version	18.7_hf2	not_found	200	1545	0
version	18.7_hf3	not_found	200	1545	0
version	18.7_hf4	not_found	200	1545	0
version	18.7_hf5	not_found	200	1545	0
version	18.7_hf6	not_found	200	1545	0
version	18.8	not_found	200	1545	0
version	18.8_hf1	not_found	200	1545	0
version	18.8_hf2	not_found	200	1545	0
version	18.8_hf3	not_found	200	1545	0
version	18.8_hf4	not_found	200	1545	0
version	18.8_hf5	not_found	200	1545	0
version	18.8_hf6	not_found	200	1545	0
version	18.9	not_found	200	1545	0
version	18.9_hf1	not_found	200	1545	0
version	18.9_hf2	not_found	200	1545	0
version	18.9_hf3	not_found	200	1545	0
version	18.9_hf4	not_found	200	1545	0
version	18.9_hf5	not_found	200	1545	0
version	18.9_hf6	not_found	200	1545	0
version	18_r10	not_found	200	1545	0
version	18_r10_hf1	not_found	200	1545	0
version	18_r10_hf2	not_found	200	1545	0
version	18_r10_hf3	not_found	200	1545	0
version	18_r10_hf4	not_found	200	1545	0
version	18_r10_hf5	not_found	200	1545	0
version	18_r10_hf6	not_found	200	1545	0
version	18_r11	not_found	200	1545	0
version	18_r11_hf1	not_found	200	1545	0
version	18_r11_hf2	not_found	200	1545	0
version	18_r11_hf3	not_found	200	1545	0
version	18_r11_hf4	not_found	200	1545	0
version	18_r11_hf5	not_found	200	1545	0
version	18_r11_hf6	not_found	200	1545	0
version	18_r12	not_found	200	1545	0
version	18_r12_hf1	not_found	200	1545	0
version	18_r12_hf2	not_found	200	1545	0
version	18_r12_hf3	not_found	200	1545	0
version	18_r12_hf4	not_found	200	1545	0
version	18_r12_hf5	not_found	200	1545	0
version	18_r12_hf6	not_found	200	1545	0
version	18_r13	not_found	200	1545	0
version	18_r13_hf1	not_found	200	1545	0
version	18_r13_hf2	not_found	200	1545	0
version	18_r13_hf3	not_found	200	1545	0
version	18_r13_hf4	not_found	200	1545	0
version	18_r13_hf5	not_found	200	1545	0
version	18_r13_hf6	not_found	200	1545	0
version	18_r14	not_found	200	1545	0
version	18_r14_hf1	not_found	200	1545	0
version	18_r14_hf2	not_found	200	1545	0
version	18_r14_hf3	not_found	200	1545	0
version	18_r14_hf4	not_found	200	1545	0
version	18_r14_hf5	not_found	200	1545	0
version	18_r14_hf6	not_found	200	1545	0
version	18_r2	found	200	36170	93
version	18_r2_hf1	not_found	200	1545	0
version	18_r2_hf2	not_found	200	1545	0
version	18_r2_hf3	not_found	200	1545	0
version	18_r2_hf4	not_found	200	1545	0
version	18_r2_hf5	not_found	200	1545	0
version	18_r2_hf6	not_found	200	1545	0
version	18_r3	found	200	42137	107
version	18_r3_hf1	not_found	200	1545	0
version	18_r3_hf2	not_found	200	1545	0
version	18_r3_hf3	not_found	200	1545	0
version	18_r3_hf4	not_found	200	1545	0
version	18_r3_hf5	not_found	200	1545	0
version	18_r3_hf6	not_found	200	1545	0
version	18_r4	found	200	30983	77
version	18_r4_hf1	not_found	200	1545	0
version	18_r4_hf2	not_found	200	1545	0
version	18_r4_hf3	not_found	200	1545	0
version	18_r4_hf4	not_found	200	1545	0
version	18_r4_hf5	not_found	200	1545	0
version	18_r4_hf6	not_found	200	1545	0
version	18_r5	found	200	52713	141
version	18_r5_hf1	not_found	200	1545	0
version	18_r5_hf2	not_found	200	1545	0
version	18_r5_hf3	not_found	200	1545	0
version	18_r5_hf4	not_found	200	1545	0
version	18_r5_hf5	not_found	200	1545	0
version	18_r5_hf6	not_found	200	1545	0
version	18_r6	found	200	37632	99
version	18_r6_hf1	not_found	200	1545	0
version	18_r6_hf2	not_found	200	1545	0
version	18_r6_hf3	not_found	200	1545	0
version	18_r6_hf4	not_found	200	1545	0
version	18_r6_hf5	not_found	200	1545	0
version	18_r6_hf6	not_found	200	1545	0
version	18_r7	not_found	200	1545	0
version	18_r7_hf1	not_found	200	1545	0
version	18_r7_hf2	not_found	200	1545	0
version	18_r7_hf3	not_found	200	1545	0
version	18_r7_hf4	not_found	200	1545	0
version	18_r7_hf5	not_found	200	1545	0
version	18_r7_hf6	not_found	200	1545	0
version	18_r8	not_found	200	1545	0
version	18_r8_hf1	not_found	200	1545	0
version	18_r8_hf2	not_found	200	1545	0
version	18_r8_hf3	not_found	200	1545	0
version	18_r8_hf4	not_found	200	1545	0
version	18_r8_hf5	not_found	200	1545	0
version	18_r8_hf6	not_found	200	1545	0
version	18_r9	not_found	200	1545	0
version	18_r9_hf1	not_found	200	1545	0
version	18_r9_hf2	not_found	200	1545	0
version	18_r9_hf3	not_found	200	1545	0
version	18_r9_hf4	not_found	200	1545	0
version	18_r9_hf5	not_found	200	1545	0
version	18_r9_hf6	not_found	200	1545	0
version	19	found	200	45928	127
version	19.1	found	200	43070	100
version	19.1_hf1	found	200	19838	50
version	19.1_hf2	not_found	200	1545	0
version	19.1_hf3	not_found	200	1545	0
version	19.1_hf4	not_found	200	1545	0
version	19.1_hf5	not_found	200	1545	0
version	19.1_hf6	not_found	200	1545	0
version	19.2	found	200	36457	86
version	19.2_hf1	found	200	7845	21
version	19.2_hf2	found	200	14236	39
version	19.2_hf3	not_found	200	1545	0
version	19.2_hf4	not_found	200	1545	0
version	19.2_hf5	not_found	200	1545	0
version	19.2_hf6	not_found	200	1545	0
version	19.3	found	200	27890	66
version	19.3_hf1	found	200	8070	22
version	19.3_hf2	found	200	10860	30
version	19.3_hf3	not_found	200	1545	0
version	19.3_hf4	not_found	200	1545	0
version	19.3_hf5	not_found	200	1545	0
version	19.3_hf6	not_found	200	1545	0
version	19.4	found	200	29552	74
version	19.4_hf1	found	200	10114	27
version	19.4_hf2	not_found	200	1545	0
version	19.4_hf3	not_found	200	1545	0
version	19.4_hf4	not_found	200	1545	0
version	19.4_hf5	not_found	200	1545	0
version	19.4_hf6	not_found	200	1545	0
version	19.5	found	200	25307	62
version	19.5_hf1	found	200	8731	22
version	19.5_hf2	found	200	10602	27
version	19.5_hf3	not_found	200	1545	0
version	19.5_hf4	not_found	200	1545	0
version	19.5_hf5	not_found	200	1545	0
version	19.5_hf6	not_found	200	1545	0
version	19.6	found	200	28482	69
version	19.6_hf1	found	200	6529	15
version	19.6_hf2	found	200	6089	15
version	19.6_hf3	not_found	200	1545	0
version	19.6_hf4	not_found	200	1545	0
version	19.6_hf5	not_found	200	1545	0
version	19.6_hf6	not_found	200	1545	0
version	19.7	found	200	26136	61
version	19.7_hf1	found	200	5971	13
version	19.7_hf2	found	200	7709	16
version	19.7_hf3	found	200	3152	5
version	19.7_hf4	not_found	200	1545	0
version	19.7_hf5	not_found	200	1545	0
version	19.7_hf6	not_found	200	1545	0
version	19.8	found	200	19557	38
version	19.8_hf1	not_found	200	1545	0
version	19.8_hf2	not_found	200	1545	0
version	19.8_hf3	not_found	200	1545	0
version	19.8_hf4	not_found	200	1545	0
version	19.8_hf5	not_found	200	1545	0
version	19.8_hf6	not_found	200	1545	0
version	19.9	not_found	200	1545	0
version	19.9_hf1	not_found	200	1545	0
version	19.9_hf2	not_found	200	1545	0
version	19.9_hf3	not_found	200	1545	0
version	19.9_hf4	not_found	200	1545	0
version	19.9_hf5	not_found	200	1545	0
version	19.9_hf6	not_found	200	1545	0
version	19_r10	not_found	200	1545	0
version	19_r10_hf1	not_found	200	1545	0
version	19_r10_hf2	not_found	200	1545	0
version	19_r10_hf3	not_found	200	1545	0
version	19_r10_hf4	not_found	200	1545	0
version	19_r10_hf5	not_found	200	1545	0
version	19_r10_hf6	not_found	200	1545	0
version	19_r11	not_found	200	1545	0
version	19_r11_hf1	not_found	200	1545	0
version	19_r11_hf2	not_found	200	1545	0
version	19_r11_hf3	not_found	200	1545	0
version	19_r11_hf4	not_found	200	1545	0
version	19_r11_hf5	not_found	200	1545	0
version	19_r11_hf6	not_found	200	1545	0
version	19_r12	not_found	200	1545	0
version	19_r12_hf1	not_found	200	1545	0
version	19_r12_hf2	not_found	200	1545	0
version	19_r12_hf3	not_found	200	1545	0
version	19_r12_hf4	not_found	200	1545	0
version	19_r12_hf5	not_found	200	1545	0
version	19_r12_hf6	not_found	200	1545	0
version	19_r13	not_found	200	1545	0
version	19_r13_hf1	not_found	200	1545	0
version	19_r13_hf2	not_found	200	1545	0
version	19_r13_hf3	not_found	200	1545	0
version	19_r13_hf4	not_found	200	1545	0
version	19_r13_hf5	not_found	200	1545	0
version	19_r13_hf6	not_found	200	1545	0
version	19_r14	not_found	200	1545	0
version	19_r14_hf1	not_found	200	1545	0
version	19_r14_hf2	not_found	200	1545	0
version	19_r14_hf3	not_found	200	1545	0
version	19_r14_hf4	not_found	200	1545	0
version	19_r14_hf5	not_found	200	1545	0
version	19_r14_hf6	not_found	200	1545	0
version	19_r2	found	200	19207	48
version	19_r2_hf1	not_found	200	1545	0
version	19_r2_hf2	not_found	200	1545	0
version	19_r2_hf3	not_found	200	1545	0
version	19_r2_hf4	not_found	200	1545	0
version	19_r2_hf5	not_found	200	1545	0
version	19_r2_hf6	not_found	200	1545	0
version	19_r3	found	200	24165	57
version	19_r3_hf1	not_found	200	1545	0
version	19_r3_hf2	not_found	200	1545	0
version	19_r3_hf3	not_found	200	1545	0
version	19_r3_hf4	not_found	200	1545	0
version	19_r3_hf5	not_found	200	1545	0
version	19_r3_hf6	not_found	200	1545	0
version	19_r4	found	200	52052	137
version	19_r4_hf1	found	200	2921	5
version	19_r4_hf2	found	200	2679	4
version	19_r4_hf3	not_found	200	1545	0
version	19_r4_hf4	not_found	200	1545	0
version	19_r4_hf5	not_found	200	1545	0
version	19_r4_hf6	not_found	200	1545	0
version	19_r5	found	200	30969	85
version	19_r5_hf1	found	200	3612	7
version	19_r5_hf2	found	200	1233	1
version	19_r5_hf3	not_found	200	1545	0
version	19_r5_hf4	not_found	200	1545	0
version	19_r5_hf5	not_found	200	1545	0
version	19_r5_hf6	not_found	200	1545	0
version	19_r6	found	200	25023	68
version	19_r6_hf1	found	200	6083	13
version	19_r6_hf2	found	200	3704	7
version	19_r6_hf3	not_found	200	1545	0
version	19_r6_hf4	not_found	200	1545	0
version	19_r6_hf5	not_found	200	1545	0
version	19_r6_hf6	not_found	200	1545	0
version	19_r7	found	200	40319	109
version	19_r7_hf1	found	200	5566	12
version	19_r7_hf2	found	200	3315	7
version	19_r7_hf3	not_found	200	1545	0
version	19_r7_hf4	not_found	200	1545	0
version	19_r7_hf5	not_found	200	1545	0
version	19_r7_hf6	not_found	200	1545	0
version	19_r8	found	200	28465	78
version	19_r8_hf1	found	200	4611	10
version	19_r8_hf2	found	200	4954	11
version	19_r8_hf3	not_found	200	1545	0
version	19_r8_hf4	not_found	200	1545	0
version	19_r8_hf5	not_found	200	1545	0
version	19_r8_hf6	not_found	200	1545	0
version	19_r9	not_found	200	1545	0
version	19_r9_hf1	not_found	200	1545	0
version	19_r9_hf2	not_found	200	1545	0
version	19_r9_hf3	not_found	200	1545	0
version	19_r9_hf4	not_found	200	1545	0
version	19_r9_hf5	not_found	200	1545	0
version	19_r9_hf6	not_found	200	1545	0
version	20	found	200	38440	108
version	20.1	found	200	24286	65
version	20.1_hf1	found	200	22961	62
version	20.1_hf2	not_found	200	1545	0
version	20.1_hf3	not_found	200	1545	0
version	20.1_hf4	not_found	200	1545	0
version	20.1_hf5	not_found	200	1545	0
version	20.1_hf6	not_found	200	1545	0
version	20.2	found	200	35278	82
version	20.2_hf1	found	200	21846	53
version	20.2_hf2	not_found	200	1545	0
version	20.2_hf3	not_found	200	1545	0
version	20.2_hf4	not_found	200	1545	0
version	20.2_hf5	not_found	200	1545	0
version	20.2_hf6	not_found	200	1545	0
version	20.3	found	200	40815	92
version	20.3_hf1	found	200	11715	29
version	20.3_hf2	found	200	9236	21
version	20.3_hf3	not_found	200	1545	0
version	20.3_hf4	not_found	200	1545	0
version	20.3_hf5	not_found	200	1545	0
version	20.3_hf6	not_found	200	1545	0
version	20.4	found	200	26139	57
version	20.4_hf1	found	200	13760	31
version	20.4_hf2	found	200	4373	10
version	20.4_hf3	not_found	200	1545	0
version	20.4_hf4	not_found	200	1545	0
version	20.4_hf5	not_found	200	1545	0
version	20.4_hf6	not_found	200	1545	0
version	20.5	found	200	27823	60
version	20.5_hf1	found	200	13002	31
version	20.5_hf2	found	200	9179	21
version	20.5_hf3	not_found	200	1545	0
version	20.5_hf4	not_found	200	1545	0
version	20.5_hf5	not_found	200	1545	0
version	20.5_hf6	not_found	200	1545	0
version	20.6	found	200	33031	72
version	20.6_hf1	found	200	7330	17
version	20.6_hf2	found	200	7719	19
version	20.6_hf3	not_found	200	1545	0
version	20.6_hf4	not_found	200	1545	0
version	20.6_hf5	not_found	200	1545	0
version	20.6_hf6	not_found	200	1545	0
version	20.7	found	200	23000	51
version	20.7_hf1	found	200	5547	13
version	20.7_hf2	found	200	10881	26
version	20.7_hf3	not_found	200	1545	0
version	20.7_hf4	not_found	200	1545	0
version	20.7_hf5	not_found	200	1545	0
version	20.7_hf6	not_found	200	1545	0
version	20.8	found	200	23956	55
version	20.8_hf1	found	200	5841	13
version	20.8_hf2	found	200	3456	6
version	20.8_hf3	found	200	5781	12
version	20.8_hf4	found	200	3310	6
version	20.8_hf5	not_found	200	1545	0
version	20.8_hf6	not_found	200	1545	0
version	20.9	found	200	19530	40
version	20.9_hf1	not_found	200	1545	0
version	20.9_hf2	not_found	200	1545	0
version	20.9_hf3	not_found	200	1545	0
version	20.9_hf4	not_found	200	1545	0
version	20.9_hf5	not_found	200	1545	0
version	20.9_hf6	not_found	200	1545	0
version	20_r10	found	200	19643	51
version	20_r10_hf1	found	200	3287	7
version	20_r10_hf2	found	200	7250	16
version	20_r10_hf3	not_found	200	1545	0
version	20_r10_hf4	not_found	200	1545	0
version	20_r10_hf5	not_found	200	1545	0
version	20_r10_hf6	not_found	200	1545	0
version	20_r11	not_found	200	1545	0
version	20_r11_hf1	not_found	200	1545	0
version	20_r11_hf2	not_found	200	1545	0
version	20_r11_hf3	not_found	200	1545	0
version	20_r11_hf4	not_found	200	1545	0
version	20_r11_hf5	not_found	200	1545	0
version	20_r11_hf6	not_found	200	1545	0
version	20_r12	not_found	200	1545	0
version	20_r12_hf1	not_found	200	1545	0
version	20_r12_hf2	not_found	200	1545	0
version	20_r12_hf3	not_found	200	1545	0
version	20_r12_hf4	not_found	200	1545	0
version	20_r12_hf5	not_found	200	1545	0
version	20_r12_hf6	not_found	200	1545	0
version	20_r13	not_found	200	1545	0
version	20_r13_hf1	not_found	200	1545	0
version	20_r13_hf2	not_found	200	1545	0
version	20_r13_hf3	not_found	200	1545	0
version	20_r13_hf4	not_found	200	1545	0
version	20_r13_hf5	not_found	200	1545	0
version	20_r13_hf6	not_found	200	1545	0
version	20_r14	not_found	200	1545	0
version	20_r14_hf1	not_found	200	1545	0
version	20_r14_hf2	not_found	200	1545	0
version	20_r14_hf3	not_found	200	1545	0
version	20_r14_hf4	not_found	200	1545	0
version	20_r14_hf5	not_found	200	1545	0
version	20_r14_hf6	not_found	200	1545	0
version	20_r2	found	200	41369	111
version	20_r2_hf1	found	200	6179	12
version	20_r2_hf2	found	200	3528	6
version	20_r2_hf3	not_found	200	1545	0
version	20_r2_hf4	not_found	200	1545	0
version	20_r2_hf5	not_found	200	1545	0
version	20_r2_hf6	not_found	200	1545	0
version	20_r3	found	200	34071	84
version	20_r3_hf1	found	200	5599	11
version	20_r3_hf2	found	200	4486	9
version	20_r3_hf3	not_found	200	1545	0
version	20_r3_hf4	not_found	200	1545	0
version	20_r3_hf5	not_found	200	1545	0
version	20_r3_hf6	not_found	200	1545	0
version	20_r4	found	200	38227	98
version	20_r4_hf1	found	200	7945	17
version	20_r4_hf2	not_found	200	1545	0
version	20_r4_hf3	not_found	200	1545	0
version	20_r4_hf4	not_found	200	1545	0
version	20_r4_hf5	not_found	200	1545	0
version	20_r4_hf6	not_found	200	1545	0
version	20_r5	found	200	27436	71
version	20_r5_hf1	found	200	11786	25
version	20_r5_hf2	found	200	3966	7
version	20_r5_hf3	not_found	200	1545	0
version	20_r5_hf4	not_found	200	1545	0
version	20_r5_hf5	not_found	200	1545	0
version	20_r5_hf6	not_found	200	1545	0
version	20_r6	found	200	34352	84
version	20_r6_hf1	found	200	13116	33
version	20_r6_hf2	found	200	6995	15
version	20_r6_hf3	not_found	200	1545	0
version	20_r6_hf4	not_found	200	1545	0
version	20_r6_hf5	not_found	200	1545	0
version	20_r6_hf6	not_found	200	1545	0
version	20_r7	found	200	37526	97
version	20_r7_hf1	found	200	10014	23
version	20_r7_hf2	found	200	3885	8
version	20_r7_hf3	not_found	200	1545	0
version	20_r7_hf4	not_found	200	1545	0
version	20_r7_hf5	not_found	200	1545	0
version	20_r7_hf6	not_found	200	1545	0
version	20_r8	found	200	35053	89
version	20_r8_hf1	found	200	5887	13
version	20_r8_hf2	found	200	4764	9
version	20_r8_hf3	not_found	200	1545	0
version	20_r8_hf4	not_found	200	1545	0
version	20_r8_hf5	not_found	200	1545	0
version	20_r8_hf6	not_found	200	1545	0
version	20_r9	found	200	26083	68
version	20_r9_hf1	found	200	8441	19
version	20_r9_hf2	found	200	1767	3
version	20_r9_hf3	not_found	200	1545	0
version	20_r9_hf4	not_found	200	1545	0
version	20_r9_hf5	not_found	200	1545	0
version	20_r9_hf6	not_found	200	1545	0
version	21	found	200	23136	64
version	21.1	found	200	32928	78
version	21.1_hf1	found	200	9676	24
version	21.1_hf2	found	200	8788	26
version	21.1_hf3	not_found	200	1545	0
version	21.1_hf4	not_found	200	1545	0
version	21.1_hf5	not_found	200	1545	0
version	21.1_hf6	not_found	200	1545	0
version	21.2	found	200	24793	61
version	21.2_hf1	not_found	200	1545	0
version	21.2_hf2	not_found	200	1545	0
version	21.2_hf3	not_found	200	1545	0
version	21.2_hf4	not_found	200	1545	0
version	21.2_hf5	not_found	200	1545	0
version	21.2_hf6	not_found	200	1545	0
version	21.3	not_found	200	1545	0
version	21.3_hf1	not_found	200	1545	0
version	21.3_hf2	not_found	200	1545	0
version	21.3_hf3	not_found	200	1545	0
version	21.3_hf4	not_found	200	1545	0
version	21.3_hf5	not_found	200	1545	0
version	21.3_hf6	not_found	200	1545	0
version	21.4	not_found	200	1545	0
version	21.4_hf1	not_found	200	1545	0
version	21.4_hf2	not_found	200	1545	0
version	21.4_hf3	not_found	200	1545	0
version	21.4_hf4	not_found	200	1545	0
version	21.4_hf5	not_found	200	1545	0
version	21.4_hf6	not_found	200	1545	0
version	21.5	not_found	200	1545	0
version	21.5_hf1	not_found	200	1545	0
version	21.5_hf2	not_found	200	1545	0
version	21.5_hf3	not_found	200	1545	0
version	21.5_hf4	not_found	200	1545	0
version	21.5_hf5	not_found	200	1545	0
version	21.5_hf6	not_found	200	1545	0
version	21.6	not_found	200	1545	0
version	21.6_hf1	not_found	200	1545	0
version	21.6_hf2	not_found	200	1545	0
version	21.6_hf3	not_found	200	1545	0
version	21.6_hf4	not_found	200	1545	0
version	21.6_hf5	not_found	200	1545	0
version	21.6_hf6	not_found	200	1545	0
version	21.7	not_found	200	1545	0
version	21.7_hf1	not_found	200	1545	0
version	21.7_hf2	not_found	200	1545	0
version	21.7_hf3	not_found	200	1545	0
version	21.7_hf4	not_found	200	1545	0
version	21.7_hf5	not_found	200	1545	0
version	21.7_hf6	not_found	200	1545	0
version	21.8	not_found	200	1545	0
version	21.8_hf1	not_found	200	1545	0
version	21.8_hf2	not_found	200	1545	0
version	21.8_hf3	not_found	200	1545	0
version	21.8_hf4	not_found	200	1545	0
version	21.8_hf5	not_found	200	1545	0
version	21.8_hf6	not_found	200	1545	0
version	21.9	not_found	200	1545	0
version	21.9_hf1	not_found	200	1545	0
version	21.9_hf2	not_found	200	1545	0
version	21.9_hf3	not_found	200	1545	0
version	21.9_hf4	not_found	200	1545	0
version	21.9_hf5	not_found	200	1545	0
version	21.9_hf6	not_found	200	1545	0
version	21_r10	not_found	200	1545	0
version	21_r10_hf1	not_found	200	1545	0
version	21_r10_hf2	not_found	200	1545	0
version	21_r10_hf3	not_found	200	1545	0
version	21_r10_hf4	not_found	200	1545	0
version	21_r10_hf5	not_found	200	1545	0
version	21_r10_hf6	not_found	200	1545	0
version	21_r11	not_found	200	1545	0
version	21_r11_hf1	not_found	200	1545	0
version	21_r11_hf2	not_found	200	1545	0
version	21_r11_hf3	not_found	200	1545	0
version	21_r11_hf4	not_found	200	1545	0
version	21_r11_hf5	not_found	200	1545	0
version	21_r11_hf6	not_found	200	1545	0
version	21_r12	not_found	200	1545	0
version	21_r12_hf1	not_found	200	1545	0
version	21_r12_hf2	not_found	200	1545	0
version	21_r12_hf3	not_found	200	1545	0
version	21_r12_hf4	not_found	200	1545	0
version	21_r12_hf5	not_found	200	1545	0
version	21_r12_hf6	not_found	200	1545	0
version	21_r13	not_found	200	1545	0
version	21_r13_hf1	not_found	200	1545	0
version	21_r13_hf2	not_found	200	1545	0
version	21_r13_hf3	not_found	200	1545	0
version	21_r13_hf4	not_found	200	1545	0
version	21_r13_hf5	not_found	200	1545	0
version	21_r13_hf6	not_found	200	1545	0
version	21_r14	not_found	200	1545	0
version	21_r14_hf1	not_found	200	1545	0
version	21_r14_hf2	not_found	200	1545	0
version	21_r14_hf3	not_found	200	1545	0
version	21_r14_hf4	not_found	200	1545	0
version	21_r14_hf5	not_found	200	1545	0
version	21_r14_hf6	not_found	200	1545	0
version	21_r2	found	200	22839	60
version	21_r2_hf1	found	200	2478	4
version	21_r2_hf2	found	200	1273	1
version	21_r2_hf3	not_found	200	1545	0
version	21_r2_hf4	not_found	200	1545	0
version	21_r2_hf5	not_found	200	1545	0
version	21_r2_hf6	not_found	200	1545	0
version	21_r3	found	200	17929	46
version	21_r3_hf1	found	200	4692	11
version	21_r3_hf2	found	200	3452	8
version	21_r3_hf3	not_found	200	1545	0
version	21_r3_hf4	not_found	200	1545	0
version	21_r3_hf5	not_found	200	1545	0
version	21_r3_hf6	not_found	200	1545	0
version	21_r4	not_found	200	1587	0
version	21_r4_hf1	not_found	200	1545	0
version	21_r4_hf2	not_found	200	1545	0
version	21_r4_hf3	not_found	200	1545	0
version	21_r4_hf4	not_found	200	1545	0
version	21_r4_hf5	not_found	200	1545	0
version	21_r4_hf6	not_found	200	1545	0
version	21_r5	not_found	200	1587	0
version	21_r5_hf1	not_found	200	1545	0
version	21_r5_hf2	not_found	200	1545	0
version	21_r5_hf3	not_found	200	1545	0
version	21_r5_hf4	not_found	200	1545	0
version	21_r5_hf5	not_found	200	1545	0
version	21_r5_hf6	not_found	200	1545	0
version	21_r6	not_found	200	1545	0
version	21_r6_hf1	not_found	200	1545	0
version	21_r6_hf2	not_found	200	1545	0
version	21_r6_hf3	not_found	200	1545	0
version	21_r6_hf4	not_found	200	1545	0
version	21_r6_hf5	not_found	200	1545	0
version	21_r6_hf6	not_found	200	1545	0
version	21_r7	not_found	200	1545	0
version	21_r7_hf1	not_found	200	1545	0
version	21_r7_hf2	not_found	200	1545	0
version	21_r7_hf3	not_found	200	1545	0
version	21_r7_hf4	not_found	200	1545	0
version	21_r7_hf5	not_found	200	1545	0
version	21_r7_hf6	not_found	200	1545	0
version	21_r8	not_found	200	1545	0
version	21_r8_hf1	not_found	200	1545	0
version	21_r8_hf2	not_found	200	1545	0
version	21_r8_hf3	not_found	200	1545	0
version	21_r8_hf4	not_found	200	1545	0
version	21_r8_hf5	not_found	200	1545	0
version	21_r8_hf6	not_found	200	1545	0
version	21_r9	not_found	200	1545	0
version	21_r9_hf1	not_found	200	1545	0
version	21_r9_hf2	not_found	200	1545	0
version	21_r9_hf3	not_found	200	1545	0
version	21_r9_hf4	not_found	200	1545	0
version	21_r9_hf5	not_found	200	1545	0
version	21_r9_hf6	not_found	200	1545	0
version	22	not_found	200	1545	0
version	22.1	not_found	200	1545	0
version	22.1_hf1	not_found	200	1545	0
version	22.1_hf2	not_found	200	1545	0
version	22.1_hf3	not_found	200	1545	0
version	22.1_hf4	not_found	200	1545	0
version	22.1_hf5	not_found	200	1545	0
version	22.1_hf6	not_found	200	1545	0
version	22.2	not_found	200	1545	0
version	22.2_hf1	not_found	200	1545	0
version	22.2_hf2	not_found	200	1545	0
version	22.2_hf3	not_found	200	1545	0
version	22.2_hf4	not_found	200	1545	0
version	22.2_hf5	not_found	200	1545	0
version	22.2_hf6	not_found	200	1545	0
version	22.3	not_found	200	1545	0
version	22.3_hf1	not_found	200	1545	0
version	22.3_hf2	not_found	200	1545	0
version	22.3_hf3	not_found	200	1545	0
version	22.3_hf4	not_found	200	1545	0
version	22.3_hf5	not_found	200	1545	0
version	22.3_hf6	not_found	200	1545	0
version	22.4	not_found	200	1545	0
version	22.4_hf1	not_found	200	1545	0
version	22.4_hf2	not_found	200	1545	0
version	22.4_hf3	not_found	200	1545	0
version	22.4_hf4	not_found	200	1545	0
version	22.4_hf5	not_found	200	1545	0
version	22.4_hf6	not_found	200	1545	0
version	22.5	not_found	200	1545	0
version	22.5_hf1	not_found	200	1545	0
version	22.5_hf2	not_found	200	1545	0
version	22.5_hf3	not_found	200	1545	0
version	22.5_hf4	not_found	200	1545	0
version	22.5_hf5	not_found	200	1545	0
version	22.5_hf6	not_found	200	1545	0
version	22.6	not_found	200	1545	0
version	22.6_hf1	not_found	200	1545	0
version	22.6_hf2	not_found	200	1545	0
version	22.6_hf3	not_found	200	1545	0
version	22.6_hf4	not_found	200	1545	0
version	22.6_hf5	not_found	200	1545	0
version	22.6_hf6	not_found	200	1545	0
version	22.7	not_found	200	1545	0
version	22.7_hf1	not_found	200	1545	0
version	22.7_hf2	not_found	200	1545	0
version	22.7_hf3	not_found	200	1545	0
version	22.7_hf4	not_found	200	1545	0
version	22.7_hf5	not_found	200	1545	0
version	22.7_hf6	not_found	200	1545	0
version	22.8	not_found	200	1545	0
version	22.8_hf1	not_found	200	1545	0
version	22.8_hf2	not_found	200	1545	0
version	22.8_hf3	not_found	200	1545	0
version	22.8_hf4	not_found	200	1545	0
version	22.8_hf5	not_found	200	1545	0
version	22.8_hf6	not_found	200	1545	0
version	22.9	not_found	200	1545	0
version	22.9_hf1	not_found	200	1545	0
version	22.9_hf2	not_found	200	1545	0
version	22.9_hf3	not_found	200	1545	0
version	22.9_hf4	not_found	200	1545	0
version	22.9_hf5	not_found	200	1545	0
version	22.9_hf6	not_found	200	1545	0
version	22_r10	not_found	200	1545	0
version	22_r10_hf1	not_found	200	1545	0
version	22_r10_hf2	not_found	200	1545	0
version	22_r10_hf3	not_found	200	1545	0
version	22_r10_hf4	not_found	200	1545	0
version	22_r10_hf5	not_found	200	1545	0
version	22_r10_hf6	not_found	200	1545	0
version	22_r11	not_found	200	1545	0
version	22_r11_hf1	not_found	200	1545	0
version	22_r11_hf2	not_found	200	1545	0
version	22_r11_hf3	not_found	200	1545	0
version	22_r11_hf4	not_found	200	1545	0
version	22_r11_hf5	not_found	200	1545	0
version	22_r11_hf6	not_found	200	1545	0
version	22_r12	not_found	200	1545	0
version	22_r12_hf1	not_found	200	1545	0
version	22_r12_hf2	not_found	200	1545	0
version	22_r12_hf3	not_found	200	1545	0
version	22_r12_hf4	not_found	200	1545	0
version	22_r12_hf5	not_found	200	1545	0
version	22_r12_hf6	not_found	200	1545	0
version	22_r13	not_found	200	1545	0
version	22_r13_hf1	not_found	200	1545	0
version	22_r13_hf2	not_found	200	1545	0
version	22_r13_hf3	not_found	200	1545	0
version	22_r13_hf4	not_found	200	1545	0
version	22_r13_hf5	not_found	200	1545	0
version	22_r13_hf6	not_found	200	1545	0
version	22_r14	not_found	200	1545	0
version	22_r14_hf1	not_found	200	1545	0
version	22_r14_hf2	not_found	200	1545	0
version	22_r14_hf3	not_found	200	1545	0
version	22_r14_hf4	not_found	200	1545	0
version	22_r14_hf5	not_found	200	1545	0
version	22_r14_hf6	not_found	200	1545	0
version	22_r2	not_found	200	1545	0
version	22_r2_hf1	not_found	200	1545	0
version	22_r2_hf2	not_found	200	1545	0
version	22_r2_hf3	not_found	200	1545	0
version	22_r2_hf4	not_found	200	1545	0
version	22_r2_hf5	not_found	200	1545	0
version	22_r2_hf6	not_found	200	1545	0
version	22_r3	not_found	200	1545	0
version	22_r3_hf1	not_found	200	1545	0
version	22_r3_hf2	not_found	200	1545	0
version	22_r3_hf3	not_found	200	1545	0
version	22_r3_hf4	not_found	200	1545	0
version	22_r3_hf5	not_found	200	1545	0
version	22_r3_hf6	not_found	200	1545	0
version	22_r4	not_found	200	1545	0
version	22_r4_hf1	not_found	200	1545	0
version	22_r4_hf2	not_found	200	1545	0
version	22_r4_hf3	not_found	200	1545	0
version	22_r4_hf4	not_found	200	1545	0
version	22_r4_hf5	not_found	200	1545	0
version	22_r4_hf6	not_found	200	1545	0
version	22_r5	not_found	200	1545	0
version	22_r5_hf1	not_found	200	1545	0
version	22_r5_hf2	not_found	200	1545	0
version	22_r5_hf3	not_found	200	1545	0
version	22_r5_hf4	not_found	200	1545	0
version	22_r5_hf5	not_found	200	1545	0
version	22_r5_hf6	not_found	200	1545	0
version	22_r6	not_found	200	1545	0
version	22_r6_hf1	not_found	200	1545	0
version	22_r6_hf2	not_found	200	1545	0
version	22_r6_hf3	not_found	200	1545	0
version	22_r6_hf4	not_found	200	1545	0
version	22_r6_hf5	not_found	200	1545	0
version	22_r6_hf6	not_found	200	1545	0
version	22_r7	not_found	200	1545	0
version	22_r7_hf1	not_found	200	1545	0
version	22_r7_hf2	not_found	200	1545	0
version	22_r7_hf3	not_found	200	1545	0
version	22_r7_hf4	not_found	200	1545	0
version	22_r7_hf5	not_found	200	1545	0
version	22_r7_hf6	not_found	200	1545	0
version	22_r8	not_found	200	1545	0
version	22_r8_hf1	not_found	200	1545	0
version	22_r8_hf2	not_found	200	1545	0
version	22_r8_hf3	not_found	200	1545	0
version	22_r8_hf4	not_found	200	1545	0
version	22_r8_hf5	not_found	200	1545	0
version	22_r8_hf6	not_found	200	1545	0
version	22_r9	not_found	200	1545	0
version	22_r9_hf1	not_found	200	1545	0
version	22_r9_hf2	not_found	200	1545	0
version	22_r9_hf3	not_found	200	1545	0
version	22_r9_hf4	not_found	200	1545	0
version	22_r9_hf5	not_found	200	1545	0
version	22_r9_hf6	not_found	200	1545	0
